{
    "keep": {
        "days": true,
        "amount": 7
    },
    "auditLog": "C:\\workspace\\clients\\caisse-secours\\microfinance-app\\logs\\.4c66948f57c92db322c03005356b7e66a59bf222-audit.json",
    "files": [
        {
            "date": 1753882502435,
            "name": "C:\\workspace\\clients\\caisse-secours\\microfinance-app\\logs\\metrics-2025-07-30.log",
            "hash": "c8e2ed7298f5c0fab772a0433a3ed15fdbba7b6d11023004d874fe04579516a2"
        }
    ],
    "hashType": "sha256"
}