{
    "keep": {
        "days": true,
        "amount": 90
    },
    "auditLog": "C:\\workspace\\clients\\caisse-secours\\microfinance-app\\logs\\.f3da5ca262764513cbc35b1cf139cc5544706040-audit.json",
    "files": [
        {
            "date": 1753882502415,
            "name": "C:\\workspace\\clients\\caisse-secours\\microfinance-app\\logs\\error-2025-07-30.log",
            "hash": "b382bb9f41bfad5f49a6518b3e2867a43fffbe7b7edd6ae1a9fc4461a82b94bc"
        }
    ],
    "hashType": "sha256"
}