{
  "version": "7",
  "dialect": "sqlite",
  "entries": [
    {
      "idx": 0,
      "version": "6",
      "when": 1753699461486,
      "tag": "0000_absent_rawhide_kid",
      "breakpoints": true
    },
    {
      "idx": 1,
      "version": "6",
      "when": 1753702578001,
      "tag": "0001_condemned_captain_universe",
      "breakpoints": true
    },
    {
      "idx": 2,
      "version": "6",
      "when": 1753719226486,
      "tag": "0002_known_angel",
      "breakpoints": true
    },
    {
      "idx": 3,
      "version": "6",
      "when": 1753901235184,
      "tag": "0003_new_silver_surfer",
      "breakpoints": true
    }
  ]
}